-- Seed data for ab-photos D1 database
-- Apply with: wrangler d1 execute ab-photos --remote --file=src/db/seed.sql

-- Projects
INSERT OR REPLACE INTO projects (id, title, subtitle, description, isPublished) VALUES ('pyrenees', 'Pyrénées', NULL, NULL, 1);
INSERT OR REPLACE INTO projects (id, title, subtitle, description, isPublished) VALUES ('7-rad', '7 Rad', NULL, NULL, 1);
INSERT OR REPLACE INTO projects (id, title, subtitle, description, isPublished) VALUES ('sunsetting-64-megatons', 'Sunsetting 64 Megatons', NULL, NULL, 0);

-- Photos
INSERT OR REPLACE INTO photos (id, desktop_blob, mobile_blob, gallery_blob, sequence, caption, project_id) VALUES ('ced7920e-0ae8-444b-a754-c6144deca6ab', 'https://assets.bossenbroek.photo/pyrenees/fullscreen/2021-07-29%2B15.13.27Anton%2BBossoenbroek-30.jpg', '', '', 2, '', 'pyrenees');
INSERT OR REPLACE INTO photos (id, desktop_blob, mobile_blob, gallery_blob, sequence, caption, project_id) VALUES ('9aba0366-a078-4a19-b33c-a83f68de62bd', 'https://assets.bossenbroek.photo/pyrenees/fullscreen/2021-07-29%2B15.13.29Anton%2BBossoenbroek-34.jpg', '', '', 3, '', 'pyrenees');
INSERT OR REPLACE INTO photos (id, desktop_blob, mobile_blob, gallery_blob, sequence, caption, project_id) VALUES ('6b16ee5d-ff14-4bfc-b4d4-3d5a13cda00e', 'https://assets.bossenbroek.photo/pyrenees/fullscreen/2021-07-30%2B13.47.16Anton%2BBossoenbroek-114.jpg', '', '', 1, 'Pyrénées', 'pyrenees');
INSERT OR REPLACE INTO photos (id, desktop_blob, mobile_blob, gallery_blob, sequence, caption, project_id) VALUES ('f807dbce-4448-4b52-b6dd-08c108ef13e2', 'https://assets.bossenbroek.photo/pyrenees/fullscreen/2021-07-30%2B13.44.20Anton%2BBossoenbroek-65.jpg', '', '', 7, '', 'pyrenees');
INSERT OR REPLACE INTO photos (id, desktop_blob, mobile_blob, gallery_blob, sequence, caption, project_id) VALUES ('ee70cdb2-84f8-466d-bfeb-889fd02d7c94', 'https://assets.bossenbroek.photo/pyrenees/fullscreen/2021-07-30%2B13.42.09Anton%2BBossoenbroek-29.jpg', '', '', 4, '', 'pyrenees');
INSERT OR REPLACE INTO photos (id, desktop_blob, mobile_blob, gallery_blob, sequence, caption, project_id) VALUES ('ca07b828-be67-49af-9585-1793edb97b3d', 'https://assets.bossenbroek.photo/pyrenees/fullscreen/2021-07-30%2B13.46.39Anton%2BBossoenbroek-104.jpg', '', '', 10, '', 'pyrenees');
INSERT OR REPLACE INTO photos (id, desktop_blob, mobile_blob, gallery_blob, sequence, caption, project_id) VALUES ('13f95796-0e65-464c-af8a-b515371f0231', 'https://assets.bossenbroek.photo/pyrenees/fullscreen/2021-07-30%2B13.43.47Anton%2BBossoenbroek-56.jpg', '', '', 6, '', 'pyrenees');
INSERT OR REPLACE INTO photos (id, desktop_blob, mobile_blob, gallery_blob, sequence, caption, project_id) VALUES ('47d6149f-c7f8-4a93-8cad-4f9b41eea9bb', 'https://assets.bossenbroek.photo/pyrenees/fullscreen/2021-07-30%2B13.47.44Anton%2BBossoenbroek-122.jpg', '', '', 11, '', 'pyrenees');
INSERT OR REPLACE INTO photos (id, desktop_blob, mobile_blob, gallery_blob, sequence, caption, project_id) VALUES ('fd820da8-5403-458b-8635-2139dd739112', 'https://assets.bossenbroek.photo/pyrenees/fullscreen/2021-07-30%2B13.42.24Anton%2BBossoenbroek-33.jpg', '', '', 5, '', 'pyrenees');
INSERT OR REPLACE INTO photos (id, desktop_blob, mobile_blob, gallery_blob, sequence, caption, project_id) VALUES ('dbf54868-23d3-474d-b119-1390bc6c7ef7', 'https://assets.bossenbroek.photo/pyrenees/fullscreen/2021-07-30%2B13.45.34Anton%2BBossoenbroek-86.jpg', '', '', 9, '', 'pyrenees');
INSERT OR REPLACE INTO photos (id, desktop_blob, mobile_blob, gallery_blob, sequence, caption, project_id) VALUES ('481c4c04-1982-43b8-b764-24dca00e78e0', 'https://assets.bossenbroek.photo/pyrenees/fullscreen/2021-07-30%2B13.44.37Anton%2BBossoenbroek-70.jpg', '', '', 8, '', 'pyrenees');
INSERT OR REPLACE INTO photos (id, desktop_blob, mobile_blob, gallery_blob, sequence, caption, project_id) VALUES ('3fa93f32-24ed-4d2c-a3bf-3996ae86a9eb', 'https://assets.bossenbroek.photo/7rad/fullscreen/2024-03-05%2B05.35.58CF005408.jpg', '', '', 1, '7 Rad', '7-rad');
INSERT OR REPLACE INTO photos (id, desktop_blob, mobile_blob, gallery_blob, sequence, caption, project_id) VALUES ('0391b3d9-c23d-423f-96ae-ac141afc4c43', 'https://assets.bossenbroek.photo/7rad/fullscreen/2023-11-22%2B13.37.44CF003287.jpg', '', '', 8, '7 Rad', '7-rad');
INSERT OR REPLACE INTO photos (id, desktop_blob, mobile_blob, gallery_blob, sequence, caption, project_id) VALUES ('8fda914d-3225-446f-8687-07af4b0f1e25', 'https://assets.bossenbroek.photo/7rad/fullscreen/2023-11-21%2B08.27.15CF003253.jpg', '', '', 7, '7 Rad', '7-rad');
INSERT OR REPLACE INTO photos (id, desktop_blob, mobile_blob, gallery_blob, sequence, caption, project_id) VALUES ('36354a82-f3a5-4297-81df-c4e9a9042a67', 'https://assets.bossenbroek.photo/7rad/fullscreen/2023-11-17%2B18.13.17CF003143.jpg', '', '', 5, '7 Rad', '7-rad');
INSERT OR REPLACE INTO photos (id, desktop_blob, mobile_blob, gallery_blob, sequence, caption, project_id) VALUES ('e4023cdb-279a-479b-8f49-6007ddad5aa2', 'https://assets.bossenbroek.photo/7rad/fullscreen/2023-11-04%2B21.18.51CF002270.jpg', '', '', 3, '7 Rad', '7-rad');
INSERT OR REPLACE INTO photos (id, desktop_blob, mobile_blob, gallery_blob, sequence, caption, project_id) VALUES ('9f80324b-281e-4a8b-8a1f-75216447ff0f', 'https://assets.bossenbroek.photo/7rad/fullscreen/2023-12-05%2B06.47.03CF004005.jpg', '', '', 11, '7 Rad', '7-rad');
INSERT OR REPLACE INTO photos (id, desktop_blob, mobile_blob, gallery_blob, sequence, caption, project_id) VALUES ('78822acf-915e-4daa-ab18-cfb528cbe244', 'https://assets.bossenbroek.photo/7rad/fullscreen/2023-12-16%2B10.58.41CF004631.jpg', '', '', 19, '7 Rad', '7-rad');
INSERT OR REPLACE INTO photos (id, desktop_blob, mobile_blob, gallery_blob, sequence, caption, project_id) VALUES ('85652c05-86e0-4494-b81f-395ec48db7f9', 'https://assets.bossenbroek.photo/7rad/fullscreen/2024-03-06%2B05.58.32CF005433%2B1.jpg', '', '', 22, '7 Rad', '7-rad');
INSERT OR REPLACE INTO photos (id, desktop_blob, mobile_blob, gallery_blob, sequence, caption, project_id) VALUES ('f1983a4e-65d2-44ec-9a5f-946a3f474db5', 'https://assets.bossenbroek.photo/7rad/fullscreen/2023-12-09%2B15.10.35CF004313.jpg', '', '', 15, '7 Rad', '7-rad');
INSERT OR REPLACE INTO photos (id, desktop_blob, mobile_blob, gallery_blob, sequence, caption, project_id) VALUES ('fefd3f6e-cb6a-46bd-bac4-e601d45b5dc0', 'https://assets.bossenbroek.photo/7rad/fullscreen/2023-12-01%2B05.24.17CF003585.jpg', '', '', 9, '7 Rad', '7-rad');
INSERT OR REPLACE INTO photos (id, desktop_blob, mobile_blob, gallery_blob, sequence, caption, project_id) VALUES ('f1c9a9f0-7f80-4cfa-9ace-8b59da9116b8', 'https://assets.bossenbroek.photo/7rad/fullscreen/2023-12-15%2B20.13.02CF004540.jpg', '', '', 17, '7 Rad', '7-rad');
INSERT OR REPLACE INTO photos (id, desktop_blob, mobile_blob, gallery_blob, sequence, caption, project_id) VALUES ('2e2b3c1f-7e52-498b-a803-f96e58a2c78f', 'https://assets.bossenbroek.photo/7rad/fullscreen/2023-11-18%2B09.31.43CF003209.jpg', '', '', 6, '7 Rad', '7-rad');
INSERT OR REPLACE INTO photos (id, desktop_blob, mobile_blob, gallery_blob, sequence, caption, project_id) VALUES ('f48d491a-3356-411e-9bc4-1a684877e755', 'https://assets.bossenbroek.photo/7rad/fullscreen/2024-03-08%2B21.37.28CF005679.jpg', '', '', 23, '7 Rad', '7-rad');
INSERT OR REPLACE INTO photos (id, desktop_blob, mobile_blob, gallery_blob, sequence, caption, project_id) VALUES ('2b500013-a9aa-4ed2-9ef5-87429a45f539', 'https://assets.bossenbroek.photo/7rad/fullscreen/2023-12-17%2B05.51.49CF004768.jpg', '', '', 20, '7 Rad', '7-rad');
INSERT OR REPLACE INTO photos (id, desktop_blob, mobile_blob, gallery_blob, sequence, caption, project_id) VALUES ('aaa3dce7-6d45-4923-aeee-ee579fb8add0', 'https://assets.bossenbroek.photo/7rad/fullscreen/2023-12-15%2B20.57.15CF004553.jpg', '', '', 18, '7 Rad', '7-rad');
INSERT OR REPLACE INTO photos (id, desktop_blob, mobile_blob, gallery_blob, sequence, caption, project_id) VALUES ('3efc44ca-1fdd-4f41-957e-dcf66e070dfe', 'https://assets.bossenbroek.photo/7rad/fullscreen/2024-03-05%2B06.35.01CF005417.jpg', '', '', 21, '7 Rad', '7-rad');
INSERT OR REPLACE INTO photos (id, desktop_blob, mobile_blob, gallery_blob, sequence, caption, project_id) VALUES ('87eeba57-e334-4159-9858-53ba8f234719', 'https://assets.bossenbroek.photo/7rad/fullscreen/2023-06-18%2B18.14.152023-06-18%2B18.14.15DSCF5730.jpg', '', '', 2, '7 Rad', '7-rad');
INSERT OR REPLACE INTO photos (id, desktop_blob, mobile_blob, gallery_blob, sequence, caption, project_id) VALUES ('f7ae544b-1257-4c57-98a9-30e0c2a1e896', 'https://assets.bossenbroek.photo/7rad/fullscreen/2023-12-03%2B13.26.37CF003931.jpg', '', '', 10, '7 Rad', '7-rad');
INSERT OR REPLACE INTO photos (id, desktop_blob, mobile_blob, gallery_blob, sequence, caption, project_id) VALUES ('faf8ab26-1053-43b1-80ae-65605c56689f', 'https://assets.bossenbroek.photo/7rad/fullscreen/2023-12-09%2B05.27.10CF004119.jpg', '', '', 14, '7 Rad', '7-rad');
INSERT OR REPLACE INTO photos (id, desktop_blob, mobile_blob, gallery_blob, sequence, caption, project_id) VALUES ('a91edc9b-9c32-42b6-a1d0-0c20e256de3d', 'https://assets.bossenbroek.photo/7rad/fullscreen/2023-12-08%2B14.37.02CF004092.jpg', '', '', 13, '7 Rad', '7-rad');
INSERT OR REPLACE INTO photos (id, desktop_blob, mobile_blob, gallery_blob, sequence, caption, project_id) VALUES ('dc15bb12-1d52-441d-8da8-79123d1973a7', 'https://assets.bossenbroek.photo/7rad/fullscreen/2023-12-10%2B12.49.09CF004329.jpg', '', '', 16, '7 Rad', '7-rad');
INSERT OR REPLACE INTO photos (id, desktop_blob, mobile_blob, gallery_blob, sequence, caption, project_id) VALUES ('5c7a2666-1224-4a13-9e65-17fc13f1cc3b', 'https://assets.bossenbroek.photo/7rad/fullscreen/2023-12-08%2B06.01.39CF004077.jpg', '', '', 12, '7 Rad', '7-rad');
INSERT OR REPLACE INTO photos (id, desktop_blob, mobile_blob, gallery_blob, sequence, caption, project_id) VALUES ('353fcc3d-10ad-49b7-8ce2-f2650df7aca3', 'https://assets.bossenbroek.photo/7rad/fullscreen/2023-11-16%2B05.52.54CF002940.jpg', '', '', 4, '7 Rad', '7-rad');

-- Exhibits
INSERT OR REPLACE INTO exhibits (id, title, date, location, description, featuredImage, startDate, endDate, isActive, link, isUpcoming)
VALUES
  ('exhibit-1', 'AFMP 2024-25 Exhibition', 'July 5 – August 17, 2025', '103-555 Prometheus Pl, Bowen Island, BC, Canada', 'Inaugural group exhibition', '/images/exhibits/Fotofilmic-FullResolution.jpg', '2025-07-05', '2025-08-17', 0, 'https://fotofilmic.com/afmp-exhibition-2024-2025/', 0),
  ('exhibit-2', 'CRITICAL EYE - PORTRAITS FROM THE STREET AWARDS 2025', 'Sept. 6 – Sept 21, 2025', 'Hin Bus Depotthis color , Kuala Lumpur, Malaysia', 'Finalists of the Critical Eye Photography Awards 2025 with the portrait ''Lady in onesie Pyjama, Embalenhle''. The exhibition showcase the finalists'' portraits from the street.', '/images/exhibits/exhibit_2.jpeg', '2025-09-06', '2025-09-21', 0, 'https://www.klphotoawards.com/home-2023', 0),
  ('exhibit-3', 'AFMP PARIS', 'Nov. 11 – Nov. 15, 2025', '43 Rue Charlot, Paris', 'FOTOFILMIC is proud to present the final 11 photographic projects developed during its 2024-25 Annual FotoFilmic Mentoring Program (AFMP) that was led by core mentors Elisa Medde (IT/NL), Stacy Kranitz (USA), and Christian Patterson (USA).', '/images/exhibits/sasol.jpg', '2025-11-11', '2025-11-15', 0, 'https://fotofilmic.com/afmp-exhibition-2024-2025/', 1),
  ('exhibit-4', 'Northwest Current', 'Jan. 8 – Feb. 20, 2026', '300 South Washington Street, Unit Z, Seattle, WA 98104', 'A survey of recent work from artists based in or connected to the Pacific Northwest. Group exhibition at Solas Gallery.', '/images/exhibits/northwest-current.jpg', '2026-01-08', '2026-02-20', 0, 'https://www.solas.gallery/exhibitions/northwest-current', 0);
